closed/0000.jpg,circle,circle
closed/0001.jpg,circle,circle
closed/0002.jpg,circle,circle
closed/0003.jpg,circle,circle
closed/0004.jpg,circle,circle
closed/0005.jpg,circle,circle
closed/0006.jpg,circle,circle
closed/0007.jpg,circle,circle
closed/0008.jpg,circle,square
closed/0009.jpg,circle,circle
closed/0010.jpg,circle,circle
closed/0011.jpg,circle,circle
closed/0012.jpg,circle,circle
closed/0013.jpg,circle,circle
closed/0014.jpg,circle,circle
closed/0015.jpg,circle,circle
closed/0016.jpg,circle,circle
closed/0017.jpg,circle,square
closed/0018.jpg,circle,circle
closed/0019.jpg,circle,square
lines/0020.jpg,cross,cross
lines/0021.jpg,cross,cross
lines/0022.jpg,cross,cross
lines/0023.jpg,cross,cross
lines/0024.jpg,cross,cross
lines/0025.jpg,cross,cross
lines/0026.jpg,cross,cross
lines/0027.jpg,cross,cross
lines/0028.jpg,cross,cross
lines/0029.jpg,cross,cross
lines/0030.jpg,cross,cross
lines/0031.jpg,cross,cross
lines/0032.jpg,cross,cross
lines/0033.jpg,cross,cross
lines/0034.jpg,cross,cross
lines/0035.jpg,cross,cross
lines/0036.jpg,cross,cross
lines/0037.jpg,cross,cross
lines/0038.jpg,cross,cross
lines/0039.jpg,cross,cross
closed/0040.jpg,square,square
closed/0041.jpg,square,square
closed/0042.jpg,square,square
closed/0043.jpg,square,square
closed/0044.jpg,square,square
closed/0045.jpg,square,circle
closed/0046.jpg,square,square
closed/0047.jpg,square,circle
closed/0048.jpg,square,square
closed/0049.jpg,square,square
closed/0050.jpg,square,circle
closed/0051.jpg,square,square
closed/0052.jpg,square,square
closed/0053.jpg,square,square
closed/0054.jpg,square,square
closed/0055.jpg,square,square
closed/0056.jpg,square,square
closed/0057.jpg,square,square
closed/0058.jpg,square,square
closed/0059.jpg,square,square
closed/0060.jpg,star,cross
closed/0061.jpg,star,star
closed/0062.jpg,star,star
closed/0063.jpg,star,star
closed/0064.jpg,star,star
closed/0065.jpg,star,cross
closed/0066.jpg,star,star
closed/0067.jpg,star,cross
closed/0068.jpg,star,star
closed/0069.jpg,star,star
closed/0070.jpg,star,cross
closed/0071.jpg,star,cross
closed/0072.jpg,star,cross
closed/0073.jpg,star,star
closed/0074.jpg,star,cross
closed/0075.jpg,star,cross
closed/0076.jpg,star,cross
closed/0077.jpg,star,star
closed/0078.jpg,star,star
closed/0079.jpg,star,star
lines/0080.jpg,wave,wave
lines/0081.jpg,wave,wave
lines/0082.jpg,wave,wave
lines/0083.jpg,wave,wave
lines/0084.jpg,wave,wave
lines/0085.jpg,wave,wave
lines/0086.jpg,wave,wave
lines/0087.jpg,wave,wave
lines/0088.jpg,wave,wave
lines/0089.jpg,wave,wave
lines/0090.jpg,wave,wave
lines/0091.jpg,wave,wave
lines/0092.jpg,wave,wave
lines/0093.jpg,wave,wave
lines/0094.jpg,wave,wave
lines/0095.jpg,wave,wave
lines/0096.jpg,wave,wave
lines/0097.jpg,wave,wave
lines/0098.jpg,wave,wave
lines/0099.jpg,wave,wave
